Number,Title,Hosted_URL
001,Help,https://barile.epizy.com/CatPages/001.html
002,PROLOGUE,https://barile.epizy.com/CatPages/002.html
003,I. The life of man - to know and love God,https://barile.epizy.com/CatPages/003.html
004,II. Handing on the Faith: Catechesis,https://barile.epizy.com/CatPages/004.html
005,III. The Aim and Intended Readership of the Catechism,https://barile.epizy.com/CatPages/005.html
006,IV. Structure of this Catechism,https://barile.epizy.com/CatPages/006.html
007,V. Practical Directions for Using this Catechism,https://barile.epizy.com/CatPages/007.html
008,VI. Necessary Adaptations,https://barile.epizy.com/CatPages/008.html
009,"SECTION ONE """"I BELIEVE"""" - """"WE BELIEVE",https://barile.epizy.com/CatPages/009.html
010,I. The Desire for God,https://barile.epizy.com/CatPages/010.html
011,II. Ways of Coming to Know God,https://barile.epizy.com/CatPages/011.html
012,III. The Knowledge of God According to the Church,https://barile.epizy.com/CatPages/012.html
013,IV. How Can We Speak about God?,https://barile.epizy.com/CatPages/013.html
014,IN BRIEF,https://barile.epizy.com/CatPages/014.html
015,CHAPTER TWO GOD COMES TO MEET MAN,https://barile.epizy.com/CatPages/015.html
016,"I. God Reveals His """"Plan of Loving Goodness",https://barile.epizy.com/CatPages/016.html
017,II. The Stages of Revelation,https://barile.epizy.com/CatPages/017.html
018,"III. Christ Jesus -- """"Mediator and Fullness of All Revelation",https://barile.epizy.com/CatPages/018.html
019,IN BRIEF,https://barile.epizy.com/CatPages/019.html
020,Article 2 THE TRANSMISSION OF DIVINE REVELATION,https://barile.epizy.com/CatPages/020.html
021,I. The Apostolic Tradition,https://barile.epizy.com/CatPages/021.html
022,II. The Relationship Between Tradition and Sacred Scripture,https://barile.epizy.com/CatPages/022.html
023,III. The Interpretation of the Heritage of Faith,https://barile.epizy.com/CatPages/023.html
024,IN BRIEF,https://barile.epizy.com/CatPages/024.html
025,I. Christ - The Unique Word of Sacred Scripture,https://barile.epizy.com/CatPages/025.html
026,II. Inspiration and Truth of Sacred Scripture,https://barile.epizy.com/CatPages/026.html
027,"III. The Holy Spirit, Interpreter of Scripture",https://barile.epizy.com/CatPages/027.html
028,IV. The Canon of Scripture,https://barile.epizy.com/CatPages/028.html
029,V. Sacred Scripture in the Life of the Church,https://barile.epizy.com/CatPages/029.html
030,IN BRIEF,https://barile.epizy.com/CatPages/030.html
031,CHAPTER THREE MAN'S RESPONSE TO GOD,https://barile.epizy.com/CatPages/031.html
032,I. The Obedience of Faith,https://barile.epizy.com/CatPages/032.html
033,"II. """"I Know Whom I Have Believed",https://barile.epizy.com/CatPages/033.html
034,III. The Characteristics of Faith,https://barile.epizy.com/CatPages/034.html
035,Article 2 WE BELIEVE,https://barile.epizy.com/CatPages/035.html
036,"I. """"Lord, Look Upon the Faith of Your Church",https://barile.epizy.com/CatPages/036.html
037,II. The Language of Faith,https://barile.epizy.com/CatPages/037.html
038,III. Only One Faith,https://barile.epizy.com/CatPages/038.html
039,IN BRIEF,https://barile.epizy.com/CatPages/039.html
040,The Credo,https://barile.epizy.com/CatPages/040.html
041,SECTION TWO I. THE CREEDS,https://barile.epizy.com/CatPages/041.html
042,CHAPTER ONE I BELIEVE IN GOD THE FATHER,https://barile.epizy.com/CatPages/042.html
043,Paragraph 1. I BELIEVE IN GOD,https://barile.epizy.com/CatPages/043.html
044,Paragraph 2. THE FATHER,https://barile.epizy.com/CatPages/044.html
045,Paragraph 3. THE ALMIGHTY,https://barile.epizy.com/CatPages/045.html
046,Paragraph 4. THE CREATOR,https://barile.epizy.com/CatPages/046.html
047,Paragraph 5. HEAVEN AND EARTH,https://barile.epizy.com/CatPages/047.html
048,Paragraph 6. MAN,https://barile.epizy.com/CatPages/048.html
049,Paragraph 7. THE FALL,https://barile.epizy.com/CatPages/049.html
050,"CHAPTER TWO I BELIEVE IN JESUS CHRIST, THE ONLY SON OF GOD",https://barile.epizy.com/CatPages/050.html
051,I. Jesus,https://barile.epizy.com/CatPages/051.html
052,II. Christ,https://barile.epizy.com/CatPages/052.html
053,III. The Only Son of God,https://barile.epizy.com/CatPages/053.html
054,IV. Lord,https://barile.epizy.com/CatPages/054.html
055,IN BRIEF,https://barile.epizy.com/CatPages/055.html
056,Paragraph 1. THE SON OF GOD BECAME MAN,https://barile.epizy.com/CatPages/056.html
057,"Paragraph 2. """"CONCEIVED BY THE POWER OF THE HOLY SPIRIT AND BORN OF THE VIRGIN MARY",https://barile.epizy.com/CatPages/057.html
058,Paragraph 3. THE MYSTERIES OF CHRIST'S LIFE,https://barile.epizy.com/CatPages/058.html
059,"Article 4 """"JESUS CHRIST SUFFERED UNDER PONTIUS PILATE, WAS CRUCIFIED, DIED AND WAS BURIED",https://barile.epizy.com/CatPages/059.html
060,Paragraph 1. JESUS AND ISRAEL,https://barile.epizy.com/CatPages/060.html
061,Paragraph 2. JESUS DIED CRUCIFIED,https://barile.epizy.com/CatPages/061.html
062,Paragraph 3. JESUS CHRIST WAS BURIED,https://barile.epizy.com/CatPages/062.html
063,"Article 5 """"HE DESCENDED INTO HELL. ON THE THIRD DAY HE ROSE AGAIN",https://barile.epizy.com/CatPages/063.html
064,Paragraph 1. CHRIST DESCENDED INTO HELL,https://barile.epizy.com/CatPages/064.html
065,Paragraph 2. ON THE THIRD DAY HE ROSE FROM THE DEAD,https://barile.epizy.com/CatPages/065.html
066,"Article 6 """"HE ASCENDED INTO HEAVEN AND IS SEATED AT THE RIGHT HAND OF THE FATHER",https://barile.epizy.com/CatPages/066.html
067,IN BRIEF,https://barile.epizy.com/CatPages/067.html
068,I. He Will Come Again in Glory,https://barile.epizy.com/CatPages/068.html
069,II. To Judge the Living and the Dead,https://barile.epizy.com/CatPages/069.html
070,IN BRIEF,https://barile.epizy.com/CatPages/070.html
071,CHAPTER THREE I BELIEVE IN THE HOLY SPIRIT,https://barile.epizy.com/CatPages/071.html
072,"ARTICLE 8 """"I BELIEVE IN THE HOLY SPIRIT",https://barile.epizy.com/CatPages/072.html
073,I. The Joint Mission of the Son and the Spirit,https://barile.epizy.com/CatPages/073.html
074,"II. The Name, Titles, and Symbols of the Holy Spirit",https://barile.epizy.com/CatPages/074.html
075,III. God's Spirit and Word in the Time of the Promises,https://barile.epizy.com/CatPages/075.html
076,IV. The Spirit of Christ in the Fullness of Time,https://barile.epizy.com/CatPages/076.html
077,V. The Spirit and the Church In the Last Days,https://barile.epizy.com/CatPages/077.html
078,IN BRIEF,https://barile.epizy.com/CatPages/078.html
079,"Article 9 """"I BELIEVE IN THE HOLY CATHOLIC CHURCH",https://barile.epizy.com/CatPages/079.html
080,Paragraph 1. THE CHURCH IN GOD'S PLAN,https://barile.epizy.com/CatPages/080.html
081,"Paragraph 2. THE CHURCH - PEOPLE OF GOD, BODY OF CHRIST, TEMPLE OF THE HOLY SPIRIT",https://barile.epizy.com/CatPages/081.html
082,"Paragraph 3. THE CHURCH IS ONE, HOLY, CATHOLIC, AND APOSTOLIC",https://barile.epizy.com/CatPages/082.html
083,"Paragraph 4. CHRIST'S FAITHFUL - HIERARCHY, LAITY, CONSECRATED LIFE",https://barile.epizy.com/CatPages/083.html
084,Paragraph 5. THE COMMUNION OF SAINTS,https://barile.epizy.com/CatPages/084.html
085,"Paragraph 6. MARY - MOTHER OF CHRIST, MOTHER OF THE CHURCH",https://barile.epizy.com/CatPages/085.html
086,"Article 10 """"I BELIEVE IN THE FORGIVENESS OF SINS",https://barile.epizy.com/CatPages/086.html
087,I. One Baptism for the Forgiveness of Sins,https://barile.epizy.com/CatPages/087.html
088,II. The Power of the Keys,https://barile.epizy.com/CatPages/088.html
089,"Article 11 """"I BELIEVE IN THE RESURRECTION OF THE BODY",https://barile.epizy.com/CatPages/089.html
090,I. Christ's Resurrection and Ours,https://barile.epizy.com/CatPages/090.html
091,II. Dying in Christ Jesus,https://barile.epizy.com/CatPages/091.html
092,IN BRIEF,https://barile.epizy.com/CatPages/092.html
093,"Article 12 """"I BELIEVE IN LIFE EVERLASTING",https://barile.epizy.com/CatPages/093.html
094,I. The Particular Judgment,https://barile.epizy.com/CatPages/094.html
095,II. Heaven,https://barile.epizy.com/CatPages/095.html
096,"III. The Final Purification, or Purgatory",https://barile.epizy.com/CatPages/096.html
097,IV. Hell,https://barile.epizy.com/CatPages/097.html
098,V. The Last Judgment,https://barile.epizy.com/CatPages/098.html
099,VI. Hope of the New Heaven and the New Earth,https://barile.epizy.com/CatPages/099.html
100,IN BRIEF,https://barile.epizy.com/CatPages/100.html
101,Amen,https://barile.epizy.com/CatPages/101.html
102,PART TWO: THE CELEBRATION OF THE CHRISTIAN MYSTERY,https://barile.epizy.com/CatPages/102.html
103,SECTION ONE THE SACRAMENTAL ECONOMY,https://barile.epizy.com/CatPages/103.html
104,I. The Father-Source and Goal of the Liturgy,https://barile.epizy.com/CatPages/104.html
105,II. Christ's Work in the Liturgy,https://barile.epizy.com/CatPages/105.html
106,III. The Holy Spirit and the Church in the Liturgy,https://barile.epizy.com/CatPages/106.html
107,IN BRIEF,https://barile.epizy.com/CatPages/107.html
108,Article 2 THE PASCHAL MYSTERY IN THE CHURCH'S SACRAMENTS,https://barile.epizy.com/CatPages/108.html
109,I. The Sacraments of Christ,https://barile.epizy.com/CatPages/109.html
110,II. The Sacraments of the Church,https://barile.epizy.com/CatPages/110.html
111,III. The Sacraments of Faith,https://barile.epizy.com/CatPages/111.html
112,IV. The Sacraments of Salvation,https://barile.epizy.com/CatPages/112.html
113,V. The Sacraments of Eternal Life,https://barile.epizy.com/CatPages/113.html
114,IN BRIEF,https://barile.epizy.com/CatPages/114.html
115,CHAPTER TWO THE SACRAMENTAL CELEBRATION OF THE PASCHAL MYSTERY,https://barile.epizy.com/CatPages/115.html
116,I. Who Celebrates?,https://barile.epizy.com/CatPages/116.html
117,II. How is the Liturgy Celebrated?,https://barile.epizy.com/CatPages/117.html
118,III. When is the Liturgy Celebrated?,https://barile.epizy.com/CatPages/118.html
119,IV. Where is the Liturgy Celebrated?,https://barile.epizy.com/CatPages/119.html
120,IN BRIEF,https://barile.epizy.com/CatPages/120.html
121,Article 2 LITURGICAL DIVERSITY AND THE UNITY OF THE MYSTERY,https://barile.epizy.com/CatPages/121.html
122,IN BRIEF,https://barile.epizy.com/CatPages/122.html
123,SECTION TWO THE SEVEN SACRAMENTS OF THE CHURCH,https://barile.epizy.com/CatPages/123.html
124,CHAPTER ONE THE SACRAMENTS OF CHRISTIAN INITIATION,https://barile.epizy.com/CatPages/124.html
125,Article 1 THE SACRAMENT OF BAPTISM,https://barile.epizy.com/CatPages/125.html
126,I. What is This Sacrament Called?,https://barile.epizy.com/CatPages/126.html
127,II. Baptism in the Economy of Salvation,https://barile.epizy.com/CatPages/127.html
128,III. How is the Sacrament of Baptism Celebrated?,https://barile.epizy.com/CatPages/128.html
129,IV. Who can Receive Baptism?,https://barile.epizy.com/CatPages/129.html
130,V. Who can Baptize?,https://barile.epizy.com/CatPages/130.html
131,VI. The Necessity of Baptism,https://barile.epizy.com/CatPages/131.html
132,VII. The Grace of Baptism,https://barile.epizy.com/CatPages/132.html
133,IN BRIEF,https://barile.epizy.com/CatPages/133.html
134,Article 2 THE SACRAMENT OF CONFIRMATION,https://barile.epizy.com/CatPages/134.html
135,I. Confirmation in the Economy of Salvation,https://barile.epizy.com/CatPages/135.html
136,II. The Signs and the Rite of Confirmation,https://barile.epizy.com/CatPages/136.html
137,III. The Effects of Confirmation,https://barile.epizy.com/CatPages/137.html
138,IV. Who can Receive This Sacrament?,https://barile.epizy.com/CatPages/138.html
139,V. The Minister of Confirmation,https://barile.epizy.com/CatPages/139.html
140,IN BRIEF,https://barile.epizy.com/CatPages/140.html
141,Article 3 THE SACRAMENT OF THE EUCHARIST,https://barile.epizy.com/CatPages/141.html
142,I. The Eucharist - Source and Summit of Ecclesial Life,https://barile.epizy.com/CatPages/142.html
143,II. What is This Sacrament Called?,https://barile.epizy.com/CatPages/143.html
144,III. The Eucharist in the Economy of Salvation,https://barile.epizy.com/CatPages/144.html
145,IV. The Liturgical Celebration of the Eucharist,https://barile.epizy.com/CatPages/145.html
146,"V. The Sacramental Sacrifice Thanksgiving, Memorial, Presence",https://barile.epizy.com/CatPages/146.html
147,VI. The Paschal Banquet,https://barile.epizy.com/CatPages/147.html
148,"VII. The Eucharist - """"Pledge of the Glory To Come",https://barile.epizy.com/CatPages/148.html
149,IN BRIEF,https://barile.epizy.com/CatPages/149.html
150,CHAPTER TWO THE SACRAMENTS OF HEALING,https://barile.epizy.com/CatPages/150.html
151,Article 4 THE SACRAMENT OF PENANCE AND RECONCILIATION,https://barile.epizy.com/CatPages/151.html
152,I. What is This Sacrament Called?,https://barile.epizy.com/CatPages/152.html
153,II. Why a Sacrament of Reconciliation after Baptism?,https://barile.epizy.com/CatPages/153.html
154,III. The Conversion of the Baptized,https://barile.epizy.com/CatPages/154.html
155,IV. Interior Penance,https://barile.epizy.com/CatPages/155.html
156,V. The Many Forms of Penance in Christian Life,https://barile.epizy.com/CatPages/156.html
157,VI. The Sacrament of Penance and Reconciliation,https://barile.epizy.com/CatPages/157.html
158,VII. The Acts of the Penitent,https://barile.epizy.com/CatPages/158.html
159,VIII. The Minister of This Sacrament,https://barile.epizy.com/CatPages/159.html
160,IX. The Effects of This Sacrament,https://barile.epizy.com/CatPages/160.html
161,X. Indulgences,https://barile.epizy.com/CatPages/161.html
162,XI. The Celebration of the Sacrament of Penance,https://barile.epizy.com/CatPages/162.html
163,IN BRIEF,https://barile.epizy.com/CatPages/163.html
164,Article 5 THE ANOINTING OF THE SICK,https://barile.epizy.com/CatPages/164.html
165,I. Its Foundations in the Economy of Salvation,https://barile.epizy.com/CatPages/165.html
166,II. Who Receives and Who Administers This Sacrament?,https://barile.epizy.com/CatPages/166.html
167,III. How is This Sacrament Celebrated?,https://barile.epizy.com/CatPages/167.html
168,IV. The Effects of the Celebration of This Sacrament,https://barile.epizy.com/CatPages/168.html
169,"V. Viaticum, the Last Sacrament of the Christian",https://barile.epizy.com/CatPages/169.html
170,IN BRIEF,https://barile.epizy.com/CatPages/170.html
171,CHAPTER THREE THE SACRAMENTS AT THE SERVICE OF COMMUNION,https://barile.epizy.com/CatPages/171.html
172,ARTICLE 6 THE SACRAMENT OF HOLY ORDERS,https://barile.epizy.com/CatPages/172.html
173,"I. Why Is This Sacrament Called """"Orders""""?",https://barile.epizy.com/CatPages/173.html
174,II. The Sacrament of Holy Orders in the Economy of Salvation,https://barile.epizy.com/CatPages/174.html
175,III. The Three Degrees of the Sacrament of Holy Orders,https://barile.epizy.com/CatPages/175.html
176,IV. The Celebration of This Sacrament,https://barile.epizy.com/CatPages/176.html
177,V. Who Can Confer This Sacrament?,https://barile.epizy.com/CatPages/177.html
178,VI. Who Can Receive This Sacrament?,https://barile.epizy.com/CatPages/178.html
179,VII. The Effects of the Sacrament of Holy Orders,https://barile.epizy.com/CatPages/179.html
180,IN BRIEF,https://barile.epizy.com/CatPages/180.html
181,Article 7 THE SACRAMENT OF MATRIMONY,https://barile.epizy.com/CatPages/181.html
182,I. Marriage in God's Plan,https://barile.epizy.com/CatPages/182.html
183,II. The Celebration of Marriage,https://barile.epizy.com/CatPages/183.html
184,III. Matrimonial Consent,https://barile.epizy.com/CatPages/184.html
185,IV. The Effects of the Sacrament of Matrimony,https://barile.epizy.com/CatPages/185.html
186,V. The Goods and Requirements of Conjugal Love,https://barile.epizy.com/CatPages/186.html
187,VI. The Domestic Church,https://barile.epizy.com/CatPages/187.html
188,IN BRIEF,https://barile.epizy.com/CatPages/188.html
189,Article 1 SACRAMENTALS,https://barile.epizy.com/CatPages/189.html
190,IN BRIEF,https://barile.epizy.com/CatPages/190.html
191,Article 2 CHRISTIAN FUNERALS,https://barile.epizy.com/CatPages/191.html
192,I. The Christian's Last Passover,https://barile.epizy.com/CatPages/192.html
193,II. The Celebration of Funerals,https://barile.epizy.com/CatPages/193.html
194,PART THREE: LIFE IN CHRIST,https://barile.epizy.com/CatPages/194.html
195,SECTION ONE MAN'S VOCATION LIFE IN THE SPIRIT,https://barile.epizy.com/CatPages/195.html
196,CHAPTER ONE THE DIGNITY OF THE HUMAN PERSON,https://barile.epizy.com/CatPages/196.html
197,Article 1 MAN: THE IMAGE OF GOD,https://barile.epizy.com/CatPages/197.html
198,IN BRIEF,https://barile.epizy.com/CatPages/198.html
199,I. The Beatitudes,https://barile.epizy.com/CatPages/199.html
200,II. The Desire for Happiness,https://barile.epizy.com/CatPages/200.html
201,III. Christian Beatitude,https://barile.epizy.com/CatPages/201.html
202,IN BRIEF,https://barile.epizy.com/CatPages/202.html
203,Article 3 MAN'S FREEDOM,https://barile.epizy.com/CatPages/203.html
204,I. Freedom and Responsibility,https://barile.epizy.com/CatPages/204.html
205,II. Human Freedom in the Economy of Salvation,https://barile.epizy.com/CatPages/205.html
206,IN BRIEF,https://barile.epizy.com/CatPages/206.html
207,Article 4 THE MORALITY OF HUMAN ACTS,https://barile.epizy.com/CatPages/207.html
208,I. The Sources of Morality,https://barile.epizy.com/CatPages/208.html
209,II. Good Acts and Evil Acts,https://barile.epizy.com/CatPages/209.html
210,IN BRIEF,https://barile.epizy.com/CatPages/210.html
211,Article 5 THE MORALITY OF THE PASSIONS,https://barile.epizy.com/CatPages/211.html
212,I. Passions,https://barile.epizy.com/CatPages/212.html
213,II. Passions and Moral Life,https://barile.epizy.com/CatPages/213.html
214,IN BRIEF,https://barile.epizy.com/CatPages/214.html
215,Article 6 MORAL CONSCIENCE,https://barile.epizy.com/CatPages/215.html
216,I. The Judgment of Conscience,https://barile.epizy.com/CatPages/216.html
217,II. The Formation of Conscience,https://barile.epizy.com/CatPages/217.html
218,III. To Choose in Accord With Conscience,https://barile.epizy.com/CatPages/218.html
219,IV. Erroneous Judgment,https://barile.epizy.com/CatPages/219.html
220,IN BRIEF,https://barile.epizy.com/CatPages/220.html
221,Article 7 THE VIRTUES,https://barile.epizy.com/CatPages/221.html
222,I. The Human Virtues,https://barile.epizy.com/CatPages/222.html
223,II. The Theological Virtues,https://barile.epizy.com/CatPages/223.html
224,III. The Gifts and Fruits of the Holy Spirit,https://barile.epizy.com/CatPages/224.html
225,IN BRIEF,https://barile.epizy.com/CatPages/225.html
226,I. Mercy and Sin,https://barile.epizy.com/CatPages/226.html
227,II. The Definition of Sin,https://barile.epizy.com/CatPages/227.html
228,III. The Different Kinds of Sins,https://barile.epizy.com/CatPages/228.html
229,IV. The Gravity of Sin: Mortal and Venial Sin,https://barile.epizy.com/CatPages/229.html
230,V. The Proliferation of Sin,https://barile.epizy.com/CatPages/230.html
231,IN BRIEF,https://barile.epizy.com/CatPages/231.html
232,CHAPTER TWO THE HUMAN COMMUNION,https://barile.epizy.com/CatPages/232.html
233,I. The Communal Character of the Human Vocation,https://barile.epizy.com/CatPages/233.html
234,II. Conversion and Society,https://barile.epizy.com/CatPages/234.html
235,IN BRIEF,https://barile.epizy.com/CatPages/235.html
236,I. Authority,https://barile.epizy.com/CatPages/236.html
237,II. The Common Good,https://barile.epizy.com/CatPages/237.html
238,III. Responsibility and Participation,https://barile.epizy.com/CatPages/238.html
239,IN BRIEF,https://barile.epizy.com/CatPages/239.html
240,Article 3 SOCIAL JUSTICE,https://barile.epizy.com/CatPages/240.html
241,I. Respect For the Human Person,https://barile.epizy.com/CatPages/241.html
242,II. Equality and Differences Among Men,https://barile.epizy.com/CatPages/242.html
243,III. Human Solidarity,https://barile.epizy.com/CatPages/243.html
244,IN BRIEF,https://barile.epizy.com/CatPages/244.html
245,CHAPTER THREE GOD'S SALVATION: LAW AND GRACE,https://barile.epizy.com/CatPages/245.html
246,Article 1 THE MORAL LAW,https://barile.epizy.com/CatPages/246.html
247,I. The Natural Moral Law,https://barile.epizy.com/CatPages/247.html
248,II. The Old Law,https://barile.epizy.com/CatPages/248.html
249,III. The New Law or the Law of the Gospel,https://barile.epizy.com/CatPages/249.html
250,IN BRIEF,https://barile.epizy.com/CatPages/250.html
251,I. Justification,https://barile.epizy.com/CatPages/251.html
252,II. Grace,https://barile.epizy.com/CatPages/252.html
253,III. Merit,https://barile.epizy.com/CatPages/253.html
254,IV. Christian Holiness,https://barile.epizy.com/CatPages/254.html
255,IN BRIEF,https://barile.epizy.com/CatPages/255.html
256,"Article 3 THE CHURCH, MOTHER AND TEACHER",https://barile.epizy.com/CatPages/256.html
257,I. Moral Life and the Magisterium of the Church,https://barile.epizy.com/CatPages/257.html
258,II. The Precepts of the Church,https://barile.epizy.com/CatPages/258.html
259,III. Moral Life and Missionary Witness,https://barile.epizy.com/CatPages/259.html
260,IN BRIEF,https://barile.epizy.com/CatPages/260.html
261,SECTION TWO THE TEN COMMANDMENTS,https://barile.epizy.com/CatPages/261.html
262,IN BRIEF,https://barile.epizy.com/CatPages/262.html
263,"CHAPTER ONE YOU SHALL LOVE THE LORD YOUR GOD WITH ALL YOUR HEART, AND WITH ALL YOUR SOUL, AND WITH ALL YOUR MIND",https://barile.epizy.com/CatPages/263.html
264,Article 1 THE FIRST COMMANDMENT,https://barile.epizy.com/CatPages/264.html
265,"I. """"You Shall Worship the Lord Your God and Him Only Shall You Serve",https://barile.epizy.com/CatPages/265.html
266,"II. """"Him Only Shall You Serve",https://barile.epizy.com/CatPages/266.html
267,"III. """"You Shall Have No Other Gods Before Me",https://barile.epizy.com/CatPages/267.html
268,"IV. """"You Shall Not Make For Yourself a Graven Image . . .",https://barile.epizy.com/CatPages/268.html
269,IN BRIEF,https://barile.epizy.com/CatPages/269.html
270,Article 2 THE SECOND COMMANDMENT,https://barile.epizy.com/CatPages/270.html
271,I. The Name of the Lord is Holy,https://barile.epizy.com/CatPages/271.html
272,II. Taking the Name of the Lord in Vain,https://barile.epizy.com/CatPages/272.html
273,III. The Christian Name,https://barile.epizy.com/CatPages/273.html
274,IN BRIEF,https://barile.epizy.com/CatPages/274.html
275,Article 3 THE THIRD COMMANDMENT,https://barile.epizy.com/CatPages/275.html
276,I. The Sabbath Day,https://barile.epizy.com/CatPages/276.html
277,II. The Lord's Day,https://barile.epizy.com/CatPages/277.html
278,IN BRIEF,https://barile.epizy.com/CatPages/278.html
279,CHAPTER TWO YOU SHALL LOVE YOUR NEIGHBOR AS YOURSELF,https://barile.epizy.com/CatPages/279.html
280,ARTICLE 4 THE FOURTH COMMANDMENT,https://barile.epizy.com/CatPages/280.html
281,I. The Family in God's Plan,https://barile.epizy.com/CatPages/281.html
282,II. The Family and Society,https://barile.epizy.com/CatPages/282.html
283,III. The Duties of Family Members,https://barile.epizy.com/CatPages/283.html
284,IV. The Family and the Kingdom,https://barile.epizy.com/CatPages/284.html
285,V. The Authorities In Civil Society,https://barile.epizy.com/CatPages/285.html
286,IN BRIEF,https://barile.epizy.com/CatPages/286.html
287,Article 5 THE FIFTH COMMANDMENT,https://barile.epizy.com/CatPages/287.html
288,I. Respect for Human Life,https://barile.epizy.com/CatPages/288.html
289,II. Respect for the Dignity of Persons,https://barile.epizy.com/CatPages/289.html
290,III. Safeguarding Peace,https://barile.epizy.com/CatPages/290.html
291,IN BRIEF,https://barile.epizy.com/CatPages/291.html
292,Article 6 THE SIXTH COMMANDMENT,https://barile.epizy.com/CatPages/292.html
293,"I. """"Male and Female He Created Them . . .",https://barile.epizy.com/CatPages/293.html
294,II. The Vocation to Chastity,https://barile.epizy.com/CatPages/294.html
295,III. The Love of Husband and Wife,https://barile.epizy.com/CatPages/295.html
296,IV. Offenses Against the Dignity of Marriage,https://barile.epizy.com/CatPages/296.html
297,IN BRIEF,https://barile.epizy.com/CatPages/297.html
298,Article 7 THE SEVENTH COMMANDMENT,https://barile.epizy.com/CatPages/298.html
299,I. The Universal Destination and the Private Ownership of Goods,https://barile.epizy.com/CatPages/299.html
300,II. Respect for Persons and Their Goods,https://barile.epizy.com/CatPages/300.html
301,III. The Social Doctrine of the Church,https://barile.epizy.com/CatPages/301.html
302,IV. Economic Activity and Social Justice,https://barile.epizy.com/CatPages/302.html
303,V. Justice and Solidarity Among Nations,https://barile.epizy.com/CatPages/303.html
304,VI. Love For the Poor,https://barile.epizy.com/CatPages/304.html
305,IN BRIEF,https://barile.epizy.com/CatPages/305.html
306,Article 8 THE EIGHTH COMMANDMENT,https://barile.epizy.com/CatPages/306.html
307,I. Living in the Truth,https://barile.epizy.com/CatPages/307.html
308,II. To Bear Witness to the Truth,https://barile.epizy.com/CatPages/308.html
309,III. Offenses Against Truth,https://barile.epizy.com/CatPages/309.html
310,IV. Respect for the Truth,https://barile.epizy.com/CatPages/310.html
311,V. The Use of the Social Communications Media,https://barile.epizy.com/CatPages/311.html
312,"VI. Truth, Beauty, and Sacred Art",https://barile.epizy.com/CatPages/312.html
313,IN BRIEF,https://barile.epizy.com/CatPages/313.html
314,Article 9 THE NINTH COMMANDMENT,https://barile.epizy.com/CatPages/314.html
315,I. Purification of the Heart,https://barile.epizy.com/CatPages/315.html
316,II. The Battle for Purity,https://barile.epizy.com/CatPages/316.html
317,IN BRIEF,https://barile.epizy.com/CatPages/317.html
318,Article 10 THE TENTH COMMANDMENT,https://barile.epizy.com/CatPages/318.html
319,I. The Disorder of Covetous Desires,https://barile.epizy.com/CatPages/319.html
320,II. The Desires of the Spirit,https://barile.epizy.com/CatPages/320.html
321,III. Poverty of Heart,https://barile.epizy.com/CatPages/321.html
322,"IV. """"I Want to See God",https://barile.epizy.com/CatPages/322.html
323,IN BRIEF,https://barile.epizy.com/CatPages/323.html
324,SECTION ONE PRAYER IN THE CHRISTIAN LIFE,https://barile.epizy.com/CatPages/324.html
325,CHAPTER ONE THE REVELATION OF PRAYER - THE UNIVERSAL CALL TO PRAYER,https://barile.epizy.com/CatPages/325.html
326,Article 1 IN THE OLD TESTAMENT,https://barile.epizy.com/CatPages/326.html
327,IN BRIEF,https://barile.epizy.com/CatPages/327.html
328,Article 2 IN THE FULLNESS OF TIME,https://barile.epizy.com/CatPages/328.html
329,IN BRIEF,https://barile.epizy.com/CatPages/329.html
330,Article 3 IN THE AGE OF THE CHURCH,https://barile.epizy.com/CatPages/330.html
331,I. Blessing and Adoration,https://barile.epizy.com/CatPages/331.html
332,II. Prayer of Petition,https://barile.epizy.com/CatPages/332.html
333,III. Prayer of Intercession,https://barile.epizy.com/CatPages/333.html
334,IV. Prayer of Thanksgiving,https://barile.epizy.com/CatPages/334.html
335,V. Prayer of Praise,https://barile.epizy.com/CatPages/335.html
336,IN BRIEF,https://barile.epizy.com/CatPages/336.html
337,CHAPTER TWO THE TRADITION OF PRAYER,https://barile.epizy.com/CatPages/337.html
338,Article 1 AT THE WELLSPRINGS OF PRAYER,https://barile.epizy.com/CatPages/338.html
339,IN BRIEF,https://barile.epizy.com/CatPages/339.html
340,Article 2 THE WAY OF PRAYER,https://barile.epizy.com/CatPages/340.html
341,IN BRIEF,https://barile.epizy.com/CatPages/341.html
342,Article 3 GUIDES FOR PRAYER,https://barile.epizy.com/CatPages/342.html
343,IN BRIEF,https://barile.epizy.com/CatPages/343.html
344,CHAPTER THREE THE LIFE OF PRAYER,https://barile.epizy.com/CatPages/344.html
345,I. Vocal prayer,https://barile.epizy.com/CatPages/345.html
346,II. Meditation,https://barile.epizy.com/CatPages/346.html
347,III. Contemplative Prayer,https://barile.epizy.com/CatPages/347.html
348,IN BRIEF,https://barile.epizy.com/CatPages/348.html
349,Article 2 THE BATTLE OF PRAYER,https://barile.epizy.com/CatPages/349.html
350,I. Objections to Prayer,https://barile.epizy.com/CatPages/350.html
351,II. Humble Vigilance of Heart,https://barile.epizy.com/CatPages/351.html
352,III. Filial Trust,https://barile.epizy.com/CatPages/352.html
353,IV. Perservering in Love,https://barile.epizy.com/CatPages/353.html
354,Article 3 THE PRAYER OF THE HOUR OF JESUS,https://barile.epizy.com/CatPages/354.html
355,IN BRIEF,https://barile.epizy.com/CatPages/355.html
356,SECTION TWO THE LORD'S PRAYER,https://barile.epizy.com/CatPages/356.html
357,"Article 1 """"THE SUMMARY OF THE WHOLE GOSPEL",https://barile.epizy.com/CatPages/357.html
358,I. At the Center of the Scriptures,https://barile.epizy.com/CatPages/358.html
359,II. The Lord's Prayer,https://barile.epizy.com/CatPages/359.html
360,III. The Prayer of the Church,https://barile.epizy.com/CatPages/360.html
361,IN BRIEF,https://barile.epizy.com/CatPages/361.html
362,"I. """"We Dare To Say",https://barile.epizy.com/CatPages/362.html
363,"II. Abba - """"Father!",https://barile.epizy.com/CatPages/363.html
364,"III. """"Our"""" Father",https://barile.epizy.com/CatPages/364.html
365,"IV. """"Who Art in Heaven",https://barile.epizy.com/CatPages/365.html
366,IN BRIEF,https://barile.epizy.com/CatPages/366.html
367,Article 3 THE SEVEN PETITIONS,https://barile.epizy.com/CatPages/367.html
368,"I. """"Hallowed be Thy Name",https://barile.epizy.com/CatPages/368.html
369,"II. """"Thy Kingdom Come",https://barile.epizy.com/CatPages/369.html
370,"III. """"Thy Will Be Done on Earth as It is in Heaven",https://barile.epizy.com/CatPages/370.html
371,"IV. """"Give Us This Day Our Daily Bread",https://barile.epizy.com/CatPages/371.html
372,"V. """"And Forgive Us Our Trespasses, as We Forgive Those Who Trespass AGAINST US",https://barile.epizy.com/CatPages/372.html
373,"VI. """"And Lead Us not into Temptation",https://barile.epizy.com/CatPages/373.html
374,Article 4 THE FINAL DOXOLOGY,https://barile.epizy.com/CatPages/374.html
375,IN BRIEF,https://barile.epizy.com/CatPages/375.html
